Version,Codename,Key Capability
v5.91.0,Advancement Path Selection,"Stages 11–15: gap detection, breakthrough classification (16 categories), path selection"
v5.92.0,Constraint-Based Solution Generation,Stage 16: auto-invention engine with constraint enforcement
v5.93.0,Assessment Gates,"Stages 17–21: buildability, viability, manufacturability, feasibility validation"
v5.94.0,Design Portal,Stage 22: design output packages with multi-format export
v5.95.0,Strategy Layer,"Stages 23–26: market positioning, moat analysis, business model, competitor analysis"
v5.96.0,Acquisition Intelligence,"Stages 28–29: acquirer identification, fit scoring, deal structuring"
v5.97.0,Final Package Construction,"Stages 27 & 30: portfolio creation, final package output + full lifecycle regression"
v5.98.0,Evidence & Traceability,"Layer 4 Validation: evidence chains, audit trail, decision replay, terminal state enforcement"
v5.99.0,Lifecycle Memory,"Layer 5: verified memory store, recursive self-ingestion, pattern extraction, learning engine"
v6.0–6.4,Live Deployment,"Kubernetes/Docker/Terraform, live connectors, multi-tenant, API platform, streaming"
v7.0–7.3,Recursive Transformation,"Self-optimizing lifecycle, cross-system pattern recognition, external system ingestion"
v8.0–8.3,Autonomous Innovation,"Full ACS2 loops autonomous, concept generation, reasoning engines, serendipity engine"
v9.0–9.2,AGI Integration,"Cross-domain learning, autonomous research, knowledge federation, abstraction engine"
v10.0–10.2,Singularity Platform,"Self-generating systems, consciousness modeling, emergent behavior, post-singularity architecture"