Phase,What It Fixes,Files
1 — Frontend Unification,3 UI generations → single master shell; dashboard.js decomposed,15
2 — API Unification,Dual API systems → single unified router,6
3 — Signal Intelligence,"Weak signal amplification, discontinuity + convergence detection",6
4 — Route Intelligence,"Depth scoring, confidence calibration, multi-route evaluation",6
5 — Breakthrough Maturation,"Evidence thresholds across 61 categories, compound scoring",6
6 — Technology Intelligence,"Stack comparison, architecture building, manufacturability",5
7 — Intelligence Loops,All 8 ACS2 loops made recursive and self-feeding,10
8 — Memory & Recursive Learning,"Compound intelligence, thesis history, routing evolution",7
9 — Design Portal,Full architecture generators + renderers (not just gate),9
10 — Autonomous Decisioning,Self-escalation through self-research with safety governor,8